county,precinct,GE2016_Creighton_REP__early_vote,GE2016_Creighton_REP__election_day,GE2016_Creighton_REP__mail,GE2016_Creighton_REP__absentee,GE2016_Creighton_REP__votes_reported,GE2016_West_LIB__early_vote,GE2016_West_LIB__election_day,GE2016_West_LIB__mail,GE2016_West_LIB__absentee,GE2016_West_LIB__votes_reported,GE2020_Creighton_REP__early_vote,GE2020_Creighton_REP__election_day,GE2020_Creighton_REP__mail,GE2020_Creighton_REP__absentee,GE2020_Creighton_REP__votes_reported,GE2020_Stittleburg_DEM__early_vote,GE2020_Stittleburg_DEM__election_day,GE2020_Stittleburg_DEM__mail,GE2020_Stittleburg_DEM__absentee,GE2020_Stittleburg_DEM__votes_reported,GE2020_Brock_LIB__early_vote,GE2020_Brock_LIB__election_day,GE2020_Brock_LIB__mail,GE2020_Brock_LIB__absentee,GE2020_Brock_LIB__votes_reported,GE2022_Creighton_REP__early_vote,GE2022_Creighton_REP__election_day,GE2022_Creighton_REP__mail,GE2022_Creighton_REP__absentee,GE2022_Creighton_REP__votes_reported,GE2022_Bishop_DEM__early_vote,GE2022_Bishop_DEM__election_day,GE2022_Bishop_DEM__mail,GE2022_Bishop_DEM__absentee,GE2022_Bishop_DEM__votes_reported
Chambers,0001,133,115,,,276,6,20,,,28,297,71,18,,386,41,19,5,,65,6,3,0,,9,,,,,279,,,,,36
Chambers,0002,145,124,,,285,14,27,,,44,241,88,5,,334,77,47,7,,131,6,7,0,,13,,,,,248,,,,,79
Chambers,0003,76,57,,,147,13,19,,,34,137,48,5,,190,65,20,19,,104,5,3,0,,8,,,,,167,,,,,59
Chambers,0004,1523,248,,,1932,101,21,,,135,2236,205,75,,2516,259,21,45,,325,69,10,2,,81,,,,,2018,,,,,252
Chambers,0005,902,291,,,1330,83,33,,,130,1321,230,60,,1611,137,32,38,,207,36,9,1,,46,,,,,1285,,,,,167
Chambers,0006,546,244,,,909,81,49,,,144,942,122,34,,1098,241,33,32,,306,25,12,1,,38,,,,,677,,,,,149
Chambers,0007,738,242,,,1111,74,44,,,136,1062,148,31,,1241,140,24,35,,199,23,6,0,,29,,,,,935,,,,,151
Chambers,0008,230,424,,,2205,102,62,,,179,2637,315,60,,3012,370,36,27,,433,52,22,4,,78,,,,,910,,,,,148
Chambers,0009,74,68,,,157,8,9,,,18,154,65,5,,224,20,5,2,,27,3,1,0,,4,,,,,164,,,,,17
Chambers,0010,264,374,,,2224,127,59,,,202,2861,278,114,,3253,405,63,31,,499,72,25,2,,99,,,,,693,,,,,57
Chambers,0011,251,334,,,1889,216,91,,,342,992,94,47,,1133,272,39,41,,352,36,6,1,,43,,,,,855,,,,,252
Chambers,0012,361,160,,,581,51,19,,,81,600,66,20,,686,180,38,13,,231,9,5,0,,14,,,,,508,,,,,163
Chambers,0013,,,,,,,,,,,,,,,,,,,,,,,,,,,,,,,,,,,
Chambers,0014,136,63,,,220,13,6,,,20,251,22,10,,283,31,8,4,,43,5,2,0,,7,,,,,383,,,,,70
Chambers,0015,,,,,954,,,,,173,861,111,22,,994,498,82,30,,610,40,11,0,,51,,,,,706,,,,,366
Chambers,0016,,,,,939,,,,,78,,,,,1289,,,,,186,,,,,35,,,,,962,,,,,120
Chambers,0017,,,,,361,,,,,31,,,,,490,,,,,71,,,,,13,,,,,255,,,,,55
Chambers,0018,,,,,691,,,,,61,,,,,1009,,,,,152,,,,,28,,,,,979,,,,,142
Chambers,0019,,,,,920,,,,,85,,,,,1353,,,,,210,,,,,44,,,,,1103,,,,,182
Galveston,0203,,,,,512,,,,,54,,,,,827,,,,,148,,,,,23,,,,,646,,,,,130
Galveston,0204,,,,,481,,,,,52,,,,,613,,,,,122,,,,,8,,,,,483,,,,,95
Harris,0006,,,,,,,,,,,,,,,,,,,,,,,,,,,,,,811,,,,,1029
Harris,0041,,,,,,,,,,,,,,,,,,,,,,,,,,,,,,310,,,,,434
Harris,0063,,,,,,,,,,,,,,,,,,,,,,,,,,,,,,709,,,,,175
Harris,0097,1771,338,,,2205,245,57,,,312,2429,306,147,,2882,745,85,112,,942,83,27,3,,113,,,,,979,,,,,366
Harris,0098,1060,455,,,1589,87,64,,,154,1482,313,118,,1913,270,58,58,,386,51,15,2,,68,,,,,1379,,,,,293
Harris,0103,1047,480,,,1575,372,181,,,566,1639,334,75,,2048,1708,257,159,,2124,88,23,1,,112,,,,,496,,,,,495
Harris,0110,,,,,,,,,,,,,,,,,,,,,,,,,,,,,,919,,,,,865
Harris,0199,1194,614,,,2044,175,101,,,292,1624,228,251,,2103,587,56,157,,800,62,16,3,,81,,,,,1421,,,,,500
Harris,0246,,,,,,,,,,,,,,,,,,,,,,,,,,,,,,1327,,,,,978
Harris,0340,1295,436,,,1877,220,114,,,350,1522,229,223,,1974,628,94,153,,875,67,27,5,,99,,,,,1203,,,,,538
Harris,0351,1962,422,,,2578,243,74,,,340,2252,222,295,,2769,788,65,185,,1038,59,13,5,,77,,,,,1513,,,,,553
Harris,0357,1251,392,,,1746,216,84,,,315,1499,195,142,,1836,630,73,99,,802,53,18,5,,76,,,,,1391,,,,,610
Harris,0387,,,,,,,,,,,,,,,,,,,,,,,,,,,,,,1384,,,,,576
Harris,0399,,,,,,,,,,,,,,,,,,,,,,,,,,,,,,428,,,,,808
Harris,0459,1610,316,,,2103,204,72,,,297,1799,125,242,,2166,609,31,168,,808,62,13,2,,77,,,,,1675,,,,,681
Harris,0465,,,,,,,,,,,,,,,,,,,,,,,,,,,,,,633,,,,,965
Harris,0466,,,,,,,,,,,,,,,,,,,,,,,,,,,,,,1028,,,,,1098
Harris,0469,1268,322,,,1787,115,73,,,200,1411,180,228,,1819,447,44,116,,607,42,11,3,,56,,,,,1449,,,,,481
Harris,0500,,,,,,,,,,,,,,,,,,,,,,,,,,,,,,1133,,,,,809
Harris,0502,1001,200,,,1271,88,28,,,123,1218,163,93,,1474,264,45,48,,357,32,8,0,,40,,,,,1096,,,,,220
Harris,0531,851,107,,,1030,81,20,,,106,1033,99,103,,1235,293,43,65,,401,22,4,0,,26,,,,,931,,,,,271
Harris,0539,,,,,,,,,,,,,,,,,,,,,,,,,,,,,,418,,,,,481
Harris,0546,1178,232,,,1508,93,21,,,118,1350,119,122,,1591,288,23,81,,392,26,10,2,,38,,,,,1269,,,,,312
Harris,0550,,,,,,,,,,,,,,,,,,,,,,,,,,,,,,414,,,,,610
Harris,0563,1409,246,,,1838,169,51,,,229,1437,103,218,,1758,497,62,133,,692,36,6,4,,46,,,,,1421,,,,,548
Harris,0586,,,,,,,,,,,,,,,,,,,,,,,,,,,,,,658,,,,,609
Harris,0587,,,,,,,,,,,,,,,,,,,,,,,,,,,,,,433,,,,,946
Harris,0588,,,,,,,,,,,,,,,,,,,,,,,,,,,,,,1203,,,,,944
Harris,0590,803,298,,,1232,99,57,,,167,925,121,155,,1201,320,37,92,,449,35,8,4,,47,,,,,1004,,,,,379
Harris,0596,,,,,,,,,,,,,,,,,,,,,,,,,,,,,,622,,,,,903
Harris,0599,,,,,,,,,,,,,,,,,,,,,,,,,,,,,,209,,,,,155
Harris,0604,1391,300,,,1784,108,40,,,157,1819,206,124,,2149,275,46,76,,397,42,12,4,,58,,,,,1651,,,,,289
Harris,0612,1291,294,,,1722,206,70,,,289,1430,172,202,,1804,503,50,137,,690,47,15,2,,64,,,,,1393,,,,,561
Harris,0615,,,,,,,,,,,,,,,,,,,,,,,,,,,,,,554,,,,,672
Harris,0633,,,,,,,,,,,,,,,,,,,,,,,,,,,,,,1501,,,,,929
Harris,0634,,,,,,,,,,,,,,,,,,,,,,,,,,,,,,724,,,,,670
Harris,0635,1071,365,,,1547,191,74,,,277,1291,203,140,,1634,521,72,99,,692,67,21,2,,90,,,,,1140,,,,,537
Harris,0636,1864,754,,,2722,132,83,,,230,2635,524,162,,3321,306,49,97,,452,72,30,5,,107,,,,,1040,,,,,141
Harris,0658,742,317,,,1114,175,78,,,256,815,187,82,,1084,624,92,102,,818,46,26,3,,75,,,,,851,,,,,568
Harris,0659,1836,468,,,2427,302,113,,,439,2154,208,196,,2558,1021,95,178,,1294,78,17,3,,98,,,,,1208,,,,,586
Harris,0670,1437,334,,,1899,172,41,,,236,1626,137,171,,1934,473,21,130,,624,41,9,2,,52,,,,,1563,,,,,484
Harris,0674,1592,432,,,2136,233,83,,,325,1940,206,154,,2300,858,84,163,,1105,81,13,1,,95,,,,,1697,,,,,821
Harris,0700,573,194,,,815,48,25,,,74,785,131,51,,967,135,16,25,,176,9,7,1,,17,,,,,1218,,,,,180
Harris,0747,,,,,,,,,,,,,,,,,,,,,,,,,,,,,,583,,,,,854
Harris,0753,,,,,,,,,,,,,,,,,,,,,,,,,,,,,,79,,,,,147
Harris,0756,,,,,,,,,,,,,,,,,,,,,,,,,,,,,,207,,,,,484
Harris,0758,1498,465,,,2039,192,57,,,258,2148,238,136,,2522,775,60,99,,934,54,8,5,,67,,,,,1109,,,,,398
Harris,0760,908,212,,,1206,93,28,,,131,1026,101,120,,1247,270,22,67,,359,32,4,5,,41,,,,,1315,,,,,361
Harris,0820,,,,,342,,,,,121,,,,,441,,,,,451,,,,,24,,,,,250,,,,,268
Harris,0825,,,,,630,,,,,229,,,,,821,,,,,850,,,,,50,,,,,736,,,,,681
Harris,0841,,,,,,,,,,,,,,,,,,,,,,,,,,,,,,409,,,,,1089
Harris,0851,,,,,,,,,,,,,,,,,,,,,,,,,,,,,,1266,,,,,804
Harris,0897,,,,,,,,,,,,,,,,,,,,,,,,,,,,,,417,,,,,519
Harris,0912,,,,,,,,,,,,,,,,,,,,,,,,,,,,,,410,,,,,337
Harris,0920,,,,,144,,,,,20,,,,,148,,,,,57,,,,,6,,,,,35,,,,,27
Harris,0921,,,,,136,,,,,18,,,,,144,,,,,53,,,,,4,,,,,131,,,,,36
Harris,0948,,,,,308,,,,,54,,,,,326,,,,,141,,,,,14,,,,,219,,,,,119
Harris,0988,49,9,,,66,3,2,,,6,51,11,6,,68,6,3,0,,9,1,0,0,,1,,,,,1109,,,,,353
Harris,0997,,,,,,,,,,,,,,,,,,,,,,,,,,,,,,44,,,,,291
Harris,1007,,,,,,,,,,,,,,,,,,,,,,,,,,,,,,199,,,,,618
Harris,1008,439,79,,,560,51,16,,,72,653,61,39,,753,152,15,34,,201,11,6,0,,17,,,,,570,,,,,146
Harris,1016,,,,,1690,,,,,273,,,,,1796,,,,,818,,,,,63,,,,,998,,,,,540
Harris,1071,,,,,,,,,,,,,,,,,,,,,,,,,,,,,,504,,,,,682
Harris,1077,,,,,,,,,,,,,,,,,,,,,,,,,,,,,,256,,,,,842
Harris,1085,,,,,1218,,,,,99,,,,,1485,,,,,200,,,,,45,,,,,1168,,,,,159
Harris,1152,,,,,128,,,,,11,,,,,154,,,,,29,,,,,5,,,,,122,,,,,20
Harris,1161,,,,,,,,,,,,,,,,,,,,,,,,,,,,,,,,,,,
Harris,1162,,,,,,,,,,,,,,,,,,,,,,,,,,,,,,,,,,,
Harris,1163,,,,,,,,,,,,,,,,,,,,,,,,,,,,,,,,,,,
Harris,1164,,,,,,,,,,,,,,,,,,,,,,,,,,,,,,,,,,,
Harris,1165,,,,,,,,,,,,,,,,,,,,,,,,,,,,,,,,,,,
Harris,1171,,,,,982,,,,,126,,,,,1216,,,,,449,,,,,33,,,,,1033,,,,,371
Jefferson,0024,215,59,,,250,12,59,,,15,263,25,,,288,70,8,,,78,5,0,,,5,2,38,,178,218,2,12,,42,56
Jefferson,0025,866,254,,,1050,74,254,,,102,1112,119,,,1231,319,15,,,334,30,5,,,35,10,254,,719,983,28,53,,143,224
Jefferson,0026,851,312,,,1033,158,312,,,200,1012,109,,,1121,694,57,,,751,37,18,,,55,23,171,,695,889,42,91,,381,514
Jefferson,0028,128,154,,,163,49,154,,,65,179,22,,,201,323,49,,,372,7,3,,,10,2,45,,124,171,16,67,,136,219
Jefferson,0029,738,301,,,978,57,301,,,83,1107,173,,,1280,141,21,,,162,14,5,,,19,5,260,,606,871,6,41,,59,106
Jefferson,0030,574,107,,,655,34,107,,,41,678,67,,,745,68,4,,,72,11,3,,,14,4,150,,419,573,6,10,,42,58
Jefferson,0031,572,157,,,692,40,157,,,57,711,88,,,799,86,8,,,94,12,3,,,15,3,184,,485,672,3,17,,58,78
Jefferson,0032,34,114,,,124,2,114,,,8,37,88,,,125,16,14,,,30,1,1,,,2,0,78,,30,108,1,14,,9,24
Jefferson,0033,731,308,,,927,83,308,,,118,812,144,,,956,354,82,,,436,17,10,,,27,9,167,,517,693,15,56,,161,232
Jefferson,0034,42,165,,,54,115,165,,,145,42,16,,,58,880,66,,,946,10,2,,,12,3,21,,28,52,78,143,,409,630
Jefferson,0044,148,84,,,183,40,84,,,54,157,26,,,183,215,26,,,241,11,0,,,11,0,29,,106,135,6,42,,87,135
Jefferson,0045,159,137,,,189,56,137,,,83,185,47,,,232,351,64,,,415,8,7,,,15,3,42,,87,132,15,45,,157,217
Jefferson,0046,156,157,,,191,59,157,,,77,160,27,,,187,345,48,,,393,7,4,,,11,1,32,,78,111,14,41,,155,210
Jefferson,0047,180,173,,,235,71,173,,,106,189,57,,,246,418,61,,,479,20,6,,,26,5,42,,106,153,15,81,,168,264
Jefferson,0048,75,130,,,92,36,130,,,59,71,12,,,83,290,63,,,353,5,8,,,13,1,14,,27,42,6,51,,119,176
Jefferson,0049,19,68,,,38,26,68,,,29,40,29,,,69,128,29,,,157,4,3,,,7,1,18,,15,34,1,18,,37,56
Jefferson,0050,116,287,,,168,124,287,,,158,192,65,,,257,839,111,,,950,21,8,,,29,0,86,,74,160,65,155,,401,621
Jefferson,0051,8,41,,,14,18,41,,,21,21,12,,,33,148,23,,,171,3,2,,,5,0,6,,8,14,6,18,,57,81
Jefferson,0052,14,40,,,15,25,40,,,29,9,3,,,12,208,33,,,241,2,2,,,4,1,1,,4,6,9,36,,79,124
Jefferson,0053,50,172,,,65,59,172,,,77,43,15,,,58,587,77,,,664,4,3,,,7,2,20,,26,48,30,112,,229,371
Jefferson,0054,13,56,,,13,18,56,,,21,9,4,,,13,223,25,,,248,5,1,,,6,1,1,,9,11,11,36,,107,154
Jefferson,0055,4,41,,,6,24,41,,,30,7,1,,,8,174,20,,,194,4,1,,,5,1,1,,4,6,11,20,,82,113
Jefferson,0057,14,95,,,17,44,95,,,56,11,5,,,16,346,36,,,382,6,0,,,6,0,2,,11,13,26,54,,152,232
Jefferson,0058,24,3,,,27,4,3,,,4,28,4,,,32,6,0,,,6,0,0,,,0,6,55,,188,249,0,5,,25,30
Jefferson,0059,25,110,,,29,65,110,,,75,17,1,,,18,466,61,,,527,7,0,,,7,2,2,,5,9,36,69,,189,294
Jefferson,0066,614,473,,,999,54,473,,,88,586,175,,,761,201,21,,,222,18,8,,,26,7,273,,325,605,3,61,,97,161
Jefferson,0080,104,30,,,128,6,30,,,8,2,0,,,2,5,0,,,5,0,0,,,0,2,33,,93,128,1,2,,21,24
Jefferson,0081,17,88,,,26,29,88,,,35,11,4,,,15,346,36,,,382,6,3,,,9,0,6,,6,12,22,53,,132,207
Jefferson,0090,28,5,,,32,9,5,,,9,68,6,,,74,41,3,,,44,2,0,,,2,0,2,,6,8,1,0,,13,14
Jefferson,0091,337,76,,,400,23,76,,,27,447,44,,,491,46,5,,,51,12,3,,,15,4,108,,302,414,1,14,,27,42
Jefferson,0092,421,134,,,516,60,134,,,77,530,60,,,590,265,13,,,278,16,8,,,24,3,116,,345,464,13,57,,133,203
Jefferson,0093,51,114,,,66,30,114,,,41,51,29,,,80,218,62,,,280,8,6,,,14,1,18,,27,46,7,64,,98,169
Jefferson,0096,55,64,,,65,25,64,,,36,34,10,,,44,175,15,,,190,8,5,,,13,0,12,,25,37,8,40,,77,125
Jefferson,0104,38,8,,,44,5,8,,,6,46,3,,,49,5,0,,,5,1,0,,,1,1,8,,28,37,0,2,,9,11
Montgomery,0001,,,,,157,,,,,14,,,,,237,,,,,49,,,,,7,332,185,,,517,139,94,,,233
Montgomery,0002,,,,,951,,,,,127,1174,198,,,1372,400,64,,,464,38,19,,,57,610,370,,,980,205,139,,,344
Montgomery,0004,,,,,750,,,,,159,631,105,,,736,481,50,,,531,0,0,,,0,343,183,,,526,261,128,,,389
Montgomery,0005,,,,,,,,,,,,,,,,,,,,,,,,,,75,132,,,207,7,15,,,22
Montgomery,0006,,,,,1868,,,,,215,1779,180,,,1959,871,60,,,931,45,12,,,57,1129,399,,,1528,485,180,,,665
Montgomery,0007,,,,,926,,,,,78,1005,134,,,1139,232,24,,,256,20,5,,,25,656,247,,,903,139,42,,,181
Montgomery,0008,,,,,,,,,,,,,,,,,,,,,,,,,,927,646,,,1573,133,82,,,215
Montgomery,0010,,,,,395,,,,,131,324,119,,,443,605,203,,,808,30,18,,,48,125,119,,,244,213,226,,,439
Montgomery,0011,,,,,896,,,,,97,922,188,,,1110,228,40,,,268,25,15,,,40,580,356,,,936,129,80,,,209
Montgomery,0012,,,,,764,,,,,97,662,303,,,965,184,81,,,265,18,20,,,38,318,365,,,683,77,87,,,164
Montgomery,0014,,,,,1631,,,,,206,1776,303,,,2079,613,138,,,751,60,19,,,79,985,554,,,1539,317,208,,,525
Montgomery,0015,,,,,2401,,,,,245,2436,510,,,2949,632,105,,,737,70,37,,,107,1009,831,,,1840,251,177,,,428
Montgomery,0016,,,,,1628,,,,,115,1776,396,,,2172,278,59,,,337,31,24,,,55,1116,437,,,1553,164,77,,,241
Montgomery,0017,,,,,,,,,,,,,,,,,,,,,,,,,,984,754,,,1738,162,136,,,298
Montgomery,0019,,,,,,,,,,,,,,,,,,,,,,,,,,1398,502,,,1900,257,64,,,321
Montgomery,0020,,,,,771,,,,,104,696,124,,,820,347,98,,,445,34,12,,,46,348,221,,,569,147,99,,,246
Montgomery,0021,,,,,1541,,,,,190,1484,263,,,1747,610,104,,,714,64,20,,,84,905,379,,,1284,316,164,,,480
Montgomery,0022,,,,,,,,,,,,,,,,,,,,,,,,,,1787,610,,,2397,317,108,,,425
Montgomery,0023,,,,,,,,,,,,,,,,,,,,,,,,,,1026,463,,,1489,356,145,,,501
Montgomery,0024,,,,,1964,,,,,284,1373,215,,,1588,517,90,,,607,44,25,,,69,758,399,,,1157,286,157,,,443
Montgomery,0025,,,,,1544,,,,,100,1356,477,,,1833,223,73,,,296,26,15,,,41,404,324,,,728,52,33,,,85
Montgomery,0026,,,,,2276,,,,,283,955,135,,,1090,281,57,,,338,43,11,,,54,534,236,,,770,176,110,,,286
Montgomery,0027,,,,,1850,,,,,213,1821,306,,,2127,671,110,,,781,72,23,,,95,457,310,,,767,165,138,,,303
Montgomery,0031,,,,,2288,,,,,339,2182,283,,,2465,1001,59,,,1060,62,20,,,82,1438,546,,,1984,636,191,,,827
Montgomery,0032,,,,,1140,,,,,251,1015,166,,,1181,707,67,,,774,58,20,,,78,627,273,,,900,424,164,,,588
Montgomery,0033,,,,,1514,,,,,207,1560,151,,,1711,686,37,,,723,54,12,,,66,1251,324,,,1575,515,143,,,658
Montgomery,0034,,,,,2338,,,,,295,1283,249,,,1532,377,48,,,425,39,17,,,56,829,405,,,1234,212,101,,,313
Montgomery,0035,,,,,2449,,,,,331,2145,294,,,2439,842,124,,,966,78,31,,,109,1247,527,,,1774,431,241,,,672
Montgomery,0036,,,,,1322,,,,,150,1235,406,,,1641,323,74,,,397,42,17,,,59,692,606,,,1298,261,186,,,447
Montgomery,0037,,,,,2421,,,,,417,1188,206,,,1394,448,71,,,519,31,12,,,43,636,356,,,992,242,177,,,419
Montgomery,0038,,,,,,,,,,,,,,,,,,,,,,,,,,1492,443,,,1935,235,64,,,299
Montgomery,0040,,,,,3465,,,,,304,3244,373,,,3617,859,108,,,967,85,27,,,112,1468,602,,,2070,338,187,,,525
Montgomery,0041,,,,,1735,,,,,123,1823,344,,,2167,238,41,,,279,31,10,,,41,1211,490,,,1701,188,83,,,271
Montgomery,0042,,,,,376,,,,,26,356,102,,,458,43,16,,,59,14,4,,,18,169,139,,,308,22,22,,,44
Montgomery,0043,,,,,1685,,,,,147,3193,371,,,3564,675,50,,,725,78,20,,,98,1430,747,,,2177,343,177,,,520
Montgomery,0044,,,,,1072,,,,,152,904,200,,,1104,365,98,,,463,29,21,,,50,488,299,,,787,188,151,,,339
Montgomery,0045,,,,,1482,,,,,230,1151,322,,,1473,530,80,,,610,32,19,,,51,702,439,,,1141,304,168,,,472
Montgomery,0046,,,,,2723,,,,,469,2575,272,,,2847,1432,98,,,1530,102,24,,,126,981,500,,,1481,598,235,,,833
Montgomery,0047,,,,,1575,,,,,326,1403,266,,,1669,939,141,,,1080,99,36,,,135,366,287,,,653,307,193,,,500
Montgomery,0048,,,,,1242,,,,,189,1154,93,,,1247,542,22,,,564,30,13,,,43,793,232,,,1025,351,126,,,477
Montgomery,0049,,,,,1138,,,,,228,956,146,,,1102,529,66,,,595,36,17,,,53,524,326,,,850,313,185,,,498
Montgomery,0050,,,,,,,,,,,,,,,,,,,,,,,,,,1761,649,,,2410,294,94,,,388
Montgomery,0051,,,,,815,,,,,157,675,126,,,801,416,109,,,525,36,10,,,46,351,157,,,508,183,116,,,299
Montgomery,0052,,,,,1378,,,,,153,1454,271,,,1725,363,90,,,453,41,10,,,51,769,348,,,1117,183,117,,,300
Montgomery,0053,,,,,1686,,,,,165,2164,275,,,2439,601,79,,,680,51,17,,,68,1462,626,,,2088,463,232,,,695
Montgomery,0054,,,,,624,,,,,63,545,104,,,649,167,44,,,211,17,3,,,20,227,160,,,387,49,61,,,110
Montgomery,0055,,,,,525,,,,,48,466,186,,,652,130,42,,,172,20,8,,,28,230,223,,,453,72,59,,,131
Montgomery,0056,,,,,2652,,,,,441,1346,207,,,1553,612,74,,,686,53,12,,,65,1017,655,,,1672,530,293,,,823
Montgomery,0057,,,,,,,,,,,,,,,,,,,,,,,,,,965,426,,,1391,177,76,,,253
Montgomery,0058,,,,,1436,,,,,192,1289,114,,,1403,498,37,,,535,39,6,,,45,911,280,,,1191,325,109,,,434
Montgomery,0059,,,,,957,,,,,113,812,90,,,902,347,17,,,364,21,4,,,25,544,218,,,762,218,89,,,307
Montgomery,0060,,,,,602,,,,,92,656,143,,,799,359,68,,,427,26,13,,,39,302,213,,,515,154,104,,,258
Montgomery,0061,,,,,2349,,,,,381,2105,175,,,2280,1301,61,,,1362,80,10,,,90,1327,490,,,1817,828,195,,,1023
Montgomery,0062,,,,,1439,,,,,242,1282,90,,,1372,613,37,,,650,35,5,,,40,838,275,,,1113,444,130,,,574
Montgomery,0063,,,,,,,,,,,,,,,,,,,,,,,,,,1680,693,,,2373,308,114,,,422
Montgomery,0064,,,,,787,,,,,86,666,271,,,937,192,63,,,255,20,9,,,29,335,290,,,625,84,71,,,155
Montgomery,0067,,,,,1212,,,,,270,1080,184,,,1264,660,64,,,724,63,12,,,75,644,305,,,949,468,173,,,641
Montgomery,0068,,,,,2332,,,,,300,2083,399,,,2482,878,105,,,983,73,34,,,107,1104,690,,,1794,474,257,,,731
Montgomery,0069,,,,,2047,,,,,369,1841,239,,,2080,1028,66,,,1094,64,16,,,80,1131,571,,,1702,620,239,,,859
Montgomery,0070,,,,,1465,,,,,235,1261,188,,,1449,682,35,,,717,38,6,,,44,814,337,,,1151,414,160,,,574
Montgomery,0071,,,,,2269,,,,,357,2108,230,,,2338,1020,59,,,1079,68,14,,,82,1236,625,,,1861,665,216,,,881
Montgomery,0072,,,,,,,,,,,,,,,,,,,,,,,,,,2158,669,,,2827,310,93,,,403
Montgomery,0073,,,,,735,,,,,106,783,155,,,938,305,54,,,359,29,10,,,39,484,248,,,732,170,95,,,265
Montgomery,0075,,,,,2710,,,,,389,1888,163,,,2051,887,71,,,958,53,21,,,74,1167,471,,,1638,510,225,,,735
Montgomery,0077,,,,,,,,,,,,,,,,,,,,,,,,,,1575,767,,,2342,317,117,,,434
Montgomery,0078,,,,,2564,,,,,339,2468,204,,,2672,1147,66,,,1213,71,8,,,79,1534,552,,,2086,685,238,,,923
Montgomery,0079,,,,,981,,,,,183,839,153,,,992,456,64,,,520,44,15,,,59,437,310,,,747,274,152,,,426
Montgomery,0080,,,,,2584,,,,,350,2453,406,,,2859,957,105,,,1062,94,35,,,129,1097,722,,,1819,456,249,,,705
Montgomery,0081,,,,,1846,,,,,254,2024,197,,,2221,876,54,,,930,46,12,,,58,1473,444,,,1917,594,167,,,761
Montgomery,0082,,,,,3155,,,,,360,2806,281,,,3087,993,111,,,1104,78,20,,,98,1238,426,,,1664,377,159,,,536
Montgomery,0083,,,,,,,,,,,,,,,,,,,,,,,,,,289,411,,,700,44,54,,,98
Montgomery,0084,,,,,1414,,,,,443,1228,237,,,1465,1123,149,,,1272,84,31,,,115,604,347,,,951,552,299,,,851
Montgomery,0085,,,,,,,,,,,,,,,,,,,,,,,,,,1029,523,,,1552,168,78,,,246
Montgomery,0086,,,,,2851,,,,,206,1255,207,,,1462,244,47,,,291,36,17,,,53,726,447,,,1173,139,66,,,205
Montgomery,0087,,,,,2768,,,,,528,1809,233,,,2042,802,88,,,890,56,15,,,71,1186,876,,,2062,630,362,,,992
Montgomery,0088,,,,,1755,,,,,284,1825,211,,,2036,1012,72,,,1084,74,15,,,89,1161,559,,,1720,654,297,,,951
Montgomery,0090,,,,,2069,,,,,153,3832,416,,,4248,702,40,,,742,75,22,,,97,1731,1248,,,2979,372,169,,,541
Montgomery,0092,,,,,2614,,,,,490,1861,259,,,2120,1206,120,,,1326,97,22,,,119,955,563,,,1518,613,373,,,986
Montgomery,0093,,,,,1213,,,,,152,1787,256,,,2043,544,101,,,645,62,21,,,83,876,490,,,1366,276,181,,,457
Montgomery,0094,,,,,1952,,,,,223,648,91,,,739,321,65,,,386,33,9,,,42,969,360,,,1329,381,204,,,585
Montgomery,0095,,,,,1475,,,,,256,1364,257,,,1621,918,136,,,1054,61,16,,,77,674,394,,,1068,388,287,,,675
Montgomery,0096,,,,,1385,,,,,225,2153,446,,,2599,1233,181,,,1414,104,35,,,139,697,649,,,1346,470,324,,,794
Montgomery,0098,,,,,384,,,,,55,2101,295,,,2396,1125,99,,,1224,89,29,,,118,477,285,,,762,297,132,,,429
Montgomery,0100,,,,,1063,,,,,175,2023,197,,,2220,1007,85,,,1092,78,22,,,100,1398,615,,,2013,688,269,,,957
Montgomery,0102,,,,,1699,,,,,148,,,,,2334,,,,,562,,,,,69,1837,665,,,2502,378,137,,,515
Montgomery,0103,,,,,1572,,,,,298,,,,,2088,,,,,1196,,,,,120,729,357,,,1086,480,194,,,674
Montgomery,0105,,,,,,,,,,,,,,,,,,,,,,,,,,1496,430,,,1926,249,60,,,309
Montgomery,0106,,,,,,,,,,,,,,,,,,,,,,,,,,885,444,,,1329,118,46,,,164
Montgomery,0107,,,,,19,,,,,2,,,,,23,,,,,9,,,,,1,10,4,,,14,5,2,,,7
Montgomery,0108,,,,,487,,,,,67,,,,,1339,,,,,685,,,,,66,660,392,,,1052,344,156,,,500
Montgomery,0109,,,,,635,,,,,66,,,,,780,,,,,195,,,,,30,590,244,,,834,193,80,,,273
Montgomery,0110,,,,,794,,,,,94,,,,,940,,,,,344,,,,,42,766,378,,,1144,235,107,,,342
Montgomery,0111,,,,,776,,,,,51,,,,,929,,,,,153,,,,,20,314,284,,,598,57,54,,,111
